Sans,Avec
0.678703333333,1.2025005
4.117629041665,2.33494581044
4.93479334028,3.198228260965
6.689807664285,4.477707961905
9.18934366667,5.73898757895
