Seul,Lièvre,Compétition
38.650022682,50.161371429,52.502386951
